"Brother Compact Monochrome Laser Printer, HL-L2350DW, Wireless Printing, Duplex Two-Sided Printing, Amazon Dash Replenishment Ready",B0763WDSYZ,,https://www.amazon.com/Brother-Monochrome-HL-L2350DW-Two-Sided-Replenishment/dp/B0763WDSYZ/ref=sr_1_1?qid=1673568872&rnid=2528832011&s=computers-intl-ship&sr=1-1
"Brother Monochrome Laser Printer, Compact All-In One , Multifunction Printer, MFCL2710DW, Wireless Networking and Duplex Printing, Amazon Dash Replenishment Ready",B0763ZCH7K,,https://www.amazon.com/Brother-Monochrome-Multifunction-MFCL2710DW-Replenishment/dp/B0763ZCH7K/ref=sr_1_2?qid=1673568872&rnid=2528832011&s=computers-intl-ship&sr=1-2
"Brother Monochrome Laser Printer, Compact Multifunction Printer and Copier, DCPL2550DW, Amazon Dash Replenishment Ready, Black",B0764P8F5J,,https://www.amazon.com/Brother-Monochrome-Multifunction-DCPL2550DW-Replenishment/dp/B0764P8F5J/ref=sr_1_3?qid=1673568872&rnid=2528832011&s=computers-intl-ship&sr=1-3
"Brother MFCL2750DW Monochrome All-in-One Wireless Laser Printer, Duplex Copy & Scan, Refresh Subscription and Amazon Dash Replenishment Ready",B0763X6TCW,,https://www.amazon.com/Brother-MFCL2750DW-Monochrome-Wireless-Replenishment/dp/B0763X6TCW/ref=sr_1_4?qid=1673568872&rnid=2528832011&s=computers-intl-ship&sr=1-4
Brother HL-L2300D Monochrome Laser Printer with Duplex Printing,B00NQ1CLTI,,https://www.amazon.com/Brother-HL-L2300D-Monochrome-Printer-Printing/dp/B00NQ1CLTI/ref=sr_1_5?qid=1673568872&rnid=2528832011&s=computers-intl-ship&sr=1-5
HP Envy Inspire 7955e Wireless Color All-in-One Printer with Bonus 6 Months Instant Ink with HP+ (1W2Y8A),B09BBLN72F,,https://www.amazon.com/HP-Inspire-7955e-Wireless-Printer/dp/B09BBLN72F/ref=sr_1_6?qid=1673568872&rnid=2528832011&s=computers-intl-ship&sr=1-6
"Brother Compact Monochrome Laser Printer, HLL2390DW, Convenient Flatbed Copy & Scan, Wireless Printing, Duplex Two-Sided Printing, Amazon Dash Replenishment Enabled",B0764NWFP9,,https://www.amazon.com/Brother-Monochrome-HLL2390DW-Convenient-Replenishment/dp/B0764NWFP9/ref=sr_1_7?qid=1673568872&rnid=2528832011&s=computers-intl-ship&sr=1-7
ZEBRA GK420d Direct Thermal Desktop Printer Print Width of 4 in USB Serial and Parallel Port Connectivity GK42-202510-000,B00EUN90SG,,https://www.amazon.com/Zebra-Receipts-Barcodes-Parallel-Connectivity/dp/B00EUN90SG/ref=sr_1_8?qid=1673568872&rnid=2528832011&s=computers-intl-ship&sr=1-8
"Brother FAX-2840 High Speed Mono Laser Fax Machine, Dark/light gray - FAX2840",B008OG5W3M,219.99,https://www.amazon.com/Brother-FAX-2840-Speed-Laser-Machine/dp/B008OG5W3M/ref=sr_1_9?qid=1673568872&rnid=2528832011&s=computers-intl-ship&sr=1-9
"Brother Monochrome Laser Multifunction All-in-One Printer, MFC-L5700DW, Flexible Network Connectivity, Mobile Printing & Scanning, Duplex Printing, Amazon Dash Replenishment Ready, Black",B01BI0ONC6,,https://www.amazon.com/Brother-Multifunction-MFC-L5700DW-Connectivity-Replenishment/dp/B01BI0ONC6/ref=sr_1_10?qid=1673568872&rnid=2528832011&s=computers-intl-ship&sr=1-10
"Brother Monochrome Laser Printer, Multifunction Printer, All-in-One Printer, MFC-L5900DW, Wireless Networking, Mobile Printing & Scanning, Duplex Print, Copy & Scan, Amazon Dash Replenishment Ready",B01BHSLJGC,,https://www.amazon.com/Brother-Monochrome-Multifunction-MFC-L5900DW-Replenishment/dp/B01BHSLJGC/ref=sr_1_11?qid=1673568872&rnid=2528832011&s=computers-intl-ship&sr=1-11
"Brother Monochrome Laser Printer, HL-L5200DWT, Duplex Printing, Wireless Networking, Dual Paper Trays, Mobile Printing, Amazon Dash Replenishment Ready",B01BHSLBLK,,https://www.amazon.com/Brother-Monochrome-HL-L5200DWT-Networking-Replenishment/dp/B01BHSLBLK/ref=sr_1_12?qid=1673568872&rnid=2528832011&s=computers-intl-ship&sr=1-12
"Brother Compact Monochrome Laser Printer, HL-L2370DWXL Extended Print, Up to 2 Years of Printing Included, Wireless Printing, Amazon Dash Replenishment Ready",B0763TXM5Q,,https://www.amazon.com/Brother-Monochrome-HL-L2370DWXL-Extended-Printing/dp/B0763TXM5Q/ref=sr_1_13?qid=1673568872&rnid=2528832011&s=computers-intl-ship&sr=1-13
"Brother Monochrome Laser Printer, HL-L5100DN, Duplex Two-Sided Printing, Ethernet Network Interface, Mobile Printing, Amazon Dash Replenishment Ready",B01BBL2TRS,,https://www.amazon.com/Brother-Monochrome-HL-L5100DN-Two-Sided-Replenishment/dp/B01BBL2TRS/ref=sr_1_14?qid=1673568872&rnid=2528832011&s=computers-intl-ship&sr=1-14
"Brother Compact Monochrome Laser All-in-One Multi-function Printer, MFCL2750DWXL, Up to Two Years of Printing Included, Amazon Dash Replenishment Ready",B07641MHV2,,https://www.amazon.com/Brother-Multi-function-MFCL2750DWXL-Touchscreen-Connectivity/dp/B07641MHV2/ref=sr_1_15?qid=1673568872&rnid=2528832011&s=computers-intl-ship&sr=1-15
"Brother HL-L8260CDW Business Color Laser Printer, Duplex Printing, Flexible Wireless Networking, Mobile Device Printing, Advanced Security Features – Amazon Dash Replenishment Ready",B06XDS1XW7,,https://www.amazon.com/Brother-HL-L8260CDW-Business-Printing-Networking/dp/B06XDS1XW7/ref=sr_1_16?qid=1673568872&rnid=2528832011&s=computers-intl-ship&sr=1-16
"Brother Monochrome Laser Printer, HL-L5200DW, Wireless Networking, Mobile Printing, Duplex Printing, Amazon Dash Replenishment Ready",B01BHXEAVS,,https://www.amazon.com/Brother-Monochrome-HL-L5200DW-Networking-Replenishment/dp/B01BHXEAVS/ref=sr_1_17?qid=1673568872&rnid=2528832011&s=computers-intl-ship&sr=1-17
"Star Micronics TSP143IIIW Wi-Fi (WLAN) Thermal Receipt Printer with Wireless Access Point, WPS, Cutter, and Internal Power Supply - Gray",B01BJOFPNM,225.24,https://www.amazon.com/Star-Micronics-TSP143IIIW-Wireless-Internal/dp/B01BJOFPNM/ref=sr_1_18?qid=1673568872&rnid=2528832011&s=computers-intl-ship&sr=1-18
"Brother Monochrome Laser Printer, Multifunction Printer, All-in-One Printer, MFC-L5800DW, Wireless Networking, Mobile Printing & Scanning, Duplex Printing, Amazon Dash Replenishment Ready",B01824ZCBM,,https://www.amazon.com/Brother-Monochrome-Multifunction-MFC-L5800DW-Replenishment/dp/B01824ZCBM/ref=sr_1_19?qid=1673568872&rnid=2528832011&s=computers-intl-ship&sr=1-19
"Brother MFC-J6955DW INKvestment Tank Color Inkjet All-in-One Printer with Wireless, Duplex Printing, 11” x 17” Scan Glass and Up to 1-Year of Ink in-Box",B00F37ZTV0,,https://www.amazon.com/Brother-MFC-J6955DW-INKvestment-Wireless-Printing/dp/B00F37ZTV0/ref=sr_1_20?qid=1673568872&rnid=2528832011&s=computers-intl-ship&sr=1-20
"Brother Monochrome Laser Printer, HL-L6300DW, Wireless Networking, Mobile Printing, Duplex Printing, Large Paper Capacity, Cloud Printing, Amazon Dash Replenishment Ready",B01AD7IK9C,,https://www.amazon.com/Brother-Monochrome-HL-L6300DW-Networking-Replenishment/dp/B01AD7IK9C/ref=sr_1_21?qid=1673568872&rnid=2528832011&s=computers-intl-ship&sr=1-21
"Lexmark MB2236i Multifunction Wireless Monochrome Laser Printer with A 2.8 Inch Color Touch Screen, Standard Two-Sided Printing, Cloud Fax Capability (18M0751)",B08VGFWN8N,,https://www.amazon.com/Lexmark-MB2236i-Multifunction-Monochrome-Capability/dp/B08VGFWN8N/ref=sr_1_22?qid=1673568872&rnid=2528832011&s=computers-intl-ship&sr=1-22
"Brother Printer MFC7240 Monochrome Printer with Scanner, Copier and Fax,Grey, 12.2"" x 14.7"" x 14.6""",B008CJ1LOU,,https://www.amazon.com/Brother-Printer-MFC7240-Monochrome-Scanner/dp/B008CJ1LOU/ref=sr_1_23?qid=1673568872&rnid=2528832011&s=computers-intl-ship&sr=1-23
APG Printer Interface Cable | CD-101A | Cable for Cash Drawer to Printer Connection | 1 x RJ-12 Male - 1 x RJ-45 Male | Connects to EPSON and Star Printers,B00S0OEOLO,,https://www.amazon.com/APG-CD-101A-Printer-Cable/dp/B00S0OEOLO/ref=sr_1_24?qid=1673568872&rnid=2528832011&s=computers-intl-ship&sr=1-24
Brady BMP71 Label Printer with Quick Charger and USB Connectivity (BMP71),B0048BQ1PK,,https://www.amazon.com/Brady-BMP71-Printer-Connectivity-BMP71-QC/dp/B0048BQ1PK/ref=sr_1_25?qid=1673568883&rnid=2528832011&s=computers-intl-ship&sr=1-25
"Brother Printer Fast, Compatible Label Printer (Renewed Premium)",B08WZ7XVZH,,https://www.amazon.com/Brother-Printer-Compatible-RQL1100-Renewed/dp/B08WZ7XVZH/ref=sr_1_26?qid=1673568883&rnid=2528832011&s=computers-intl-ship&sr=1-26
Brother TD-4550DNWB Desktop Direct Thermal Printer - Monochrome - Label Print - Ethernet - USB - Serial - Bluetooth,B082XVV978,,https://www.amazon.com/Brother-TD-4550DNWB-Desktop-Thermal-Printer/dp/B082XVV978/ref=sr_1_27?qid=1673568883&rnid=2528832011&s=computers-intl-ship&sr=1-27
"VersaCheck 6055 MX MICR Check Printer Gold Bundle, White",B08QVHG6NZ,,https://www.amazon.com/VersaCheck-6055-MX-Printer-Bundle/dp/B08QVHG6NZ/ref=sr_1_28?qid=1673568883&rnid=2528832011&s=computers-intl-ship&sr=1-28
"Brady B30 Series R6000 Printer -Ribbon - Black - 200' Length, 4.33"" Width (118093)",B0058VA6RS,,https://www.amazon.com/Brady-B30-R6000-Printer-Ribbon/dp/B0058VA6RS/ref=sr_1_29?qid=1673568883&rnid=2528832011&s=computers-intl-ship&sr=1-29
Brother RHL-L2300D Monochrome Laser Printer with Duplex Printing (Renewed),B083MYW72S,,https://www.amazon.com/Brother-RHL-L2300D-Monochrome-Printer-Printing/dp/B083MYW72S/ref=sr_1_30?qid=1673568883&rnid=2528832011&s=computers-intl-ship&sr=1-30
Cassida Universal Cash Handling Thermal Printer (KP-1),B078TTWWSL,,https://www.amazon.com/Cassida-Universal-Handling-Thermal-KP-1/dp/B078TTWWSL/ref=sr_1_31?qid=1673568883&rnid=2528832011&s=computers-intl-ship&sr=1-31
Brother HLL2370DW Refurbished Monochrome Printer (Renewed Premium),B07H7Z7TRN,,https://www.amazon.com/Brother-Printer-RHLL2370DW-Monochrome/dp/B07H7Z7TRN/ref=sr_1_32?qid=1673568883&rnid=2528832011&s=computers-intl-ship&sr=1-32
"VersaCheck 6455 MX MICR Check Printer Gold Bundle, White",B08QVGDN32,,https://www.amazon.com/VersaCheck-6455-MX-Printer-Bundle/dp/B08QVGDN32/ref=sr_1_33?qid=1673568883&rnid=2528832011&s=computers-intl-ship&sr=1-33
"TSC - B07CKVB3C7 DA210 Desktop Direct Thermal Label Printer - 4.25"", 203 dpi - USB 2.0, Black, 11 x 7.6 x 7.2 inches",B07CKVB3C7,,https://www.amazon.com/TSC-B07CKVB3C7-Desktop-Thermal-Transfer/dp/B07CKVB3C7/ref=sr_1_34?qid=1673568883&rnid=2528832011&s=computers-intl-ship&sr=1-34
Brother P-touch Embellish Gold Print on White Satin Ribbon TZER234 – ~½” Wide x ~13.1’ Long for use with P-touch Embellish Ribbon & Tape Printer,B072RRYQYL,,https://www.amazon.com/P-Touch-Embellish-Satin-Ribbon-Gold-White/dp/B072RRYQYL/ref=sr_1_35?qid=1673568883&rnid=2528832011&s=computers-intl-ship&sr=1-35
"VersaCheck HP Laserjet M209 MXE MICR Check Printer X9 Platinum 5-User Check Printing Software Bundle, White (M209MX)",B0B1W4YYYG,,https://www.amazon.com/VersaCheck-Laserjet-Platinum-Printing-M209MX/dp/B0B1W4YYYG/ref=sr_1_36?qid=1673568883&rnid=2528832011&s=computers-intl-ship&sr=1-36
"TSC - B01MUHDV6B TE200 Desktop Direct Thermal Barcode Printer - 4.25"", 203 dpi",B01MUHDV6B,,https://www.amazon.com/TSC-Desktop-Thermal-Barcode-Bluetooth/dp/B01MUHDV6B/ref=sr_1_37?qid=1673568883&rnid=2528832011&s=computers-intl-ship&sr=1-37
"Logia Thermal 300 DPI Label Printer | High-Speed 4x6 & Barcode Printer for Shipping & Postage Labels | Commercial Grade Compatible w/Amazon, eBay, Etsy, Stamps.com etc. - Fanfold and Roll Label Holder",B08G2YL161,,https://www.amazon.com/Logia-High-Speed-Commercial-Compatible-Stamps-com/dp/B08G2YL161/ref=sr_1_38?qid=1673568883&rnid=2528832011&s=computers-intl-ship&sr=1-38
"VersaCheck HP DeskJet 4155 MXE MICR All-in-One Check Printer and VersaCheck Presto Check Printing Software Bundle, White (4155 MX)",B0B1W3G3K5,,https://www.amazon.com/VersaCheck-4155-Printing-Software-MX/dp/B0B1W3G3K5/ref=sr_1_39?qid=1673568883&rnid=2528832011&s=computers-intl-ship&sr=1-39
"VersaCheck Canon M15 MXE MICR Check & Document Laser Printer with Bonus Cartridge & VersaCheck X1 Gold Check Printing Software Bundle, Monochrome (M15 MX)",B0B1W42Y4F,,https://www.amazon.com/VersaCheck-M15-Cartridge-Monochrome-MX/dp/B0B1W42Y4F/ref=sr_1_40?qid=1673568883&rnid=2528832011&s=computers-intl-ship&sr=1-40
Monoprice Replacement Flexible Build Plate - Black for Use with All Models of The MP Voxel 3D Printer,B07RCMGYP7,,https://www.amazon.com/Monoprice-Replacement-Flexible-Build-Plate/dp/B07RCMGYP7/ref=sr_1_41?qid=1673568883&rnid=2528832011&s=computers-intl-ship&sr=1-41
"Brother TD4420DN 4-inch Thermal Desktop Barcode and Label Printer, 203 dpi, 8 IPS, Standard USB and Serial, Ethernet LAN",B082XVZ4JK,,https://www.amazon.com/Brother-TD4420DN-Barcodes-Receipts-Standard/dp/B082XVZ4JK/ref=sr_1_42?qid=1673568883&rnid=2528832011&s=computers-intl-ship&sr=1-42
Brother TD-4520TN Desktop Thermal Transfer Printer - Monochrome - Label Print - Ethernet - USB - Serial,B0872HX6JF,,https://www.amazon.com/Brother-TD-4520TN-Thermal-Transfer-Desktop/dp/B0872HX6JF/ref=sr_1_43?qid=1673568883&rnid=2528832011&s=computers-intl-ship&sr=1-43
"Brady Authentic (M21-500-461) Extreme-Temperature Resistant Label for Lab, Equipment, and Asset Tracking Labeling, Black on White material - Designed for M210, M210-LAB, M211, BMP21-PLUS and BMP21-LAB Label Printers, .5"" W, 21' L",B0049ENIWU,,https://www.amazon.com/Brady-M21-500-461-Height-Polyester-Printer/dp/B0049ENIWU/ref=sr_1_44?qid=1673568883&rnid=2528832011&s=computers-intl-ship&sr=1-44
"Bixolon SRP-330IICOSK Bixolon, SRP-330II, Printer, Ser, USB, Black, Auto Cutter, Power Supply Inc, 3 Year Warranty",B01MRWYP2O,,https://www.amazon.com/Bixolon-SRP-330IICOSK-SRP-330II-Printer-Warranty/dp/B01MRWYP2O/ref=sr_1_45?qid=1673568883&rnid=2528832011&s=computers-intl-ship&sr=1-45
Star Micronics Ultra High Speed TSP847IIL Ethernet (LAN) Thermal Receipt Printer with Auto-Cutter/Tear Bar - Gray,B00737E2AW,539.99,https://www.amazon.com/Star-Micronics-TSP847IIL-Ethernet-Auto-Cutter/dp/B00737E2AW/ref=sr_1_46?qid=1673568883&rnid=2528832011&s=computers-intl-ship&sr=1-46
"VersaCheck HP Envy 6055 MXE All-in-One MICR Check Printer Presto Software Bundle, White",B0B1W4KJBK,,https://www.amazon.com/VersaCheck-6055-MXE-All-Printer-Software/dp/B0B1W4KJBK/ref=sr_1_47?qid=1673568883&rnid=2528832011&s=computers-intl-ship&sr=1-47
U-Reach CF121 Mini Series CF Duplicator and Sanitizer CF 1-1 Portable Copier,B07Z57ZPNJ,,https://www.amazon.com/U-REACH-CF121-Duplicator-Sanitizer-Portable/dp/B07Z57ZPNJ/ref=sr_1_48?qid=1673568883&rnid=2528832011&s=computers-intl-ship&sr=1-48
Brother TD-4750TNWB Desktop Direct Thermal/Thermal Transfer Printer - Monochrome - Label Print - Ethernet - USB - Serial - Bluetooth,B08GLTNH86,,https://www.amazon.com/Brother-TD-4750TNWB-Transfer-Barcodes-Bluetooth/dp/B08GLTNH86/ref=sr_1_49?qid=1673568895&rnid=2528832011&s=computers-intl-ship&sr=1-49
"VersaCheck HP OfficeJet Pro 8210 MXE MICR Check Printer X9 Platinum 5-User Check Printing Software Bundle, MICR Black & Color",B0B1W41LBZ,,https://www.amazon.com/VersaCheck-OfficeJet-8210-Platinum-Printing/dp/B0B1W41LBZ/ref=sr_1_50?qid=1673568895&rnid=2528832011&s=computers-intl-ship&sr=1-50
"Brother TD-4650TNWB 4-inch Thermal Transfer Desktop Network Barcode and Label Printer for Labels and Barcodes, 203 dpi, 8 IPS, Standard USB 2.0, Serial, Ethernet LAN, Built-in Wi-Fi® and Bluetooth®",B08GL41GJL,,https://www.amazon.com/Brother-TD-4650TNWB-Transfer-Barcodes-Bluetooth/dp/B08GL41GJL/ref=sr_1_51?qid=1673568895&rnid=2528832011&s=computers-intl-ship&sr=1-51
"Xerox Phaser 8860/8860 MFP Magenta Solid-Ink (6 Sticks / 14,000 Pages) - 108R00747",B000W8KUXC,13.50,https://www.amazon.com/Genuine-Xerox-Magenta-8860MFP-108R00747/dp/B000W8KUXC/ref=sr_1_52?qid=1673568895&rnid=2528832011&s=computers-intl-ship&sr=1-52
Lexmark high yield 100XL Magenta ink cartridge,B002E9N5RA,,https://www.amazon.com/Lexmark-yield-100XL-Magenta-cartridge/dp/B002E9N5RA/ref=sr_1_53?qid=1673568895&rnid=2528832011&s=computers-intl-ship&sr=1-53
"VersaCheck HP Laserjet M404 MXE MICR Check Printer X1 Platinum Check Printing Software Bundle, White",B0B1W2P2BF,,https://www.amazon.com/VersaCheck-Laserjet-Platinum-Printing-Software/dp/B0B1W2P2BF/ref=sr_1_54?qid=1673568895&rnid=2528832011&s=computers-intl-ship&sr=1-54
HP Laserjet Pro MFP 4103fdw Printer,B0BF29LXQJ,,https://www.amazon.com/HP-Laserjet-Pro-4103fdw-Printer/dp/B0BF29LXQJ/ref=sr_1_55?qid=1673568895&rnid=2528832011&s=computers-intl-ship&sr=1-55
"Canon PFI-030M - 55 ml - Magenta - Originale - réservoir d'encre - Pour imagePROGRAF TA-20, TA-20 MFP L24ei, TA-30",B0827GLJPK,72.81,https://www.amazon.com/Canon-PFI-030M-Originale-r%C3%A9servoir-imagePROGRAF/dp/B0827GLJPK/ref=sr_1_56?qid=1673568895&rnid=2528832011&s=computers-intl-ship&sr=1-56
PANTUM M6552nw Monochrome Wireless Laser Printer with Scanner and Copier,B016Y5IT2A,,https://www.amazon.com/M6552nw-Monochrome-Wireless-Printer-Scanner/dp/B016Y5IT2A/ref=sr_1_57?qid=1673568895&rnid=2528832011&s=computers-intl-ship&sr=1-57
Canon PIXMA iP6700D Photo Printer (1441B002),B000GUT4BA,699.99,https://www.amazon.com/Canon-PIXMA-iP6700D-Printer-1441B002/dp/B000GUT4BA/ref=sr_1_58?qid=1673568895&rnid=2528832011&s=computers-intl-ship&sr=1-58
Dataproducts DPC564WN Remanufactured Tri-Color Inkjet Cartridge for HP 61XL Ink,B0092G68UO,,https://www.amazon.com/Dataproducts-DPC564WN-Remanufactured-Tri-Color-Cartridge/dp/B0092G68UO/ref=sr_1_59?qid=1673568895&rnid=2528832011&s=computers-intl-ship&sr=1-59
"VersaCheck HP Envy 6455 MXE All-in-One MICR Check Printer Presto Check Printing Software Bundle, White",B0B1W4RNHM,,https://www.amazon.com/VersaCheck-6455-Printer-Printing-Software/dp/B0B1W4RNHM/ref=sr_1_60?qid=1673568895&rnid=2528832011&s=computers-intl-ship&sr=1-60
"Zebra thermal transfer ribbon 2.36"" x 1476' / 60mm x 450m wax-resin",B00RYSQPOQ,,https://www.amazon.com/Zebra-thermal-transfer-ribbon-wax-resin/dp/B00RYSQPOQ/ref=sr_1_61?qid=1673568895&rnid=2528832011&s=computers-intl-ship&sr=1-61
"VersaCheck HP Deskjet 2755 MXE MICR All-in-One Check Printer X1 Gold Check Printing Software Bundle, White (2755 MX)",B0B1W55TJ1,,https://www.amazon.com/VersaCheck-2755-Printing-Software-MX/dp/B0B1W55TJ1/ref=sr_1_62?qid=1673568895&rnid=2528832011&s=computers-intl-ship&sr=1-62
"VersaCheck HP Envy 6455 MXE MICR Check Printer X1 Gold Check Printing Software Bundle, White",B0B1W52TNC,,https://www.amazon.com/VersaCheck-6455-Printer-Printing-Software/dp/B0B1W52TNC/ref=sr_1_63?qid=1673568895&rnid=2528832011&s=computers-intl-ship&sr=1-63
"VersaCheck HP Laserjet M404 MXE MICR Check Printer X9 Professional 20-User Check Printing Software Bundle, White",B0B1W79MGC,,https://www.amazon.com/VersaCheck-Laserjet-Professional-Printing-Software/dp/B0B1W79MGC/ref=sr_1_64?qid=1673568895&rnid=2528832011&s=computers-intl-ship&sr=1-64
SRP-350PLUSIII Black PAR USB,B00NKABWJ0,,https://www.amazon.com/BIXOLON-SRP350PLUSIIICOPGBEG-SRP-350PLUSIII-BLACK-PAR/dp/B00NKABWJ0/ref=sr_1_65?qid=1673568895&rnid=2528832011&s=computers-intl-ship&sr=1-65
"VersaCheck HP OfficeJet Pro 8210 MXE MICR Check Printer X1 Platinum Check Printing Software Bundle, Black",B0B1W58RJY,,https://www.amazon.com/VersaCheck-OfficeJet-8210-Platinum-Printing/dp/B0B1W58RJY/ref=sr_1_66?qid=1673568895&rnid=2528832011&s=computers-intl-ship&sr=1-66
Odyssey FZMITD70 Flight Zone Mitsubishi CP-D70DW Photo Booth Printer CASE,B014L7J2WY,,https://www.amazon.com/Odyssey-FZMITD70-MITSUBISHI-CP-D70DW-PRINTER/dp/B014L7J2WY/ref=sr_1_67?qid=1673568895&rnid=2528832011&s=computers-intl-ship&sr=1-67
brother HLL2350DW Refurbished Monochrome Printer (Renewed Premium),B07H83MK62,,https://www.amazon.com/Brother-Printer-RHLL2350DW-Monochrome/dp/B07H83MK62/ref=sr_1_68?qid=1673568895&rnid=2528832011&s=computers-intl-ship&sr=1-68
Monoprice Accessory Kit Made Maker Select V2 3D Printer,B07T583G3J,,https://www.amazon.com/Monoprice-Accessory-Maker-Select-Printer/dp/B07T583G3J/ref=sr_1_69?qid=1673568895&rnid=2528832011&s=computers-intl-ship&sr=1-69
"Gestetner 89859 BR DSC338-3-5, 000 K Staple Ctgs",B001E8XOW8,,https://www.amazon.com/GESTETNER-89859-Gestetner-Br-Dsc338/dp/B001E8XOW8/ref=sr_1_70?qid=1673568895&rnid=2528832011&s=computers-intl-ship&sr=1-70
HP OfficeJet 8022 Wireless All-in-One Color Inkjet Printer - Instant Ink Ready,B07R7XH2K1,,https://www.amazon.com/HP-OfficeJet-Wireless-Inkjet-Printer/dp/B07R7XH2K1/ref=sr_1_71?qid=1673568895&rnid=2528832011&s=computers-intl-ship&sr=1-71
Rapiddominance Applique Text Tee,B00DPHYAH4,,https://www.amazon.com/Rapiddominance-Applique-Text-Navy-XX-Large/dp/B00DPHYAH4/ref=sr_1_72?qid=1673568895&rnid=2528832011&s=computers-intl-ship&sr=1-72
"Brother HL‐L9410CDN Enterprise Color Laser Printer with Fast Printing, Large Paper Capacity, and Advanced Security Features",B0BQ3RK2VD,,https://www.amazon.com/Brother-HL-L9410CDN-Enterprise-Printing-Capacity/dp/B0BQ3RK2VD/ref=sr_1_73?qid=1673568906&rnid=2528832011&s=computers-intl-ship&sr=1-73
Lexmark MS410d Mono Laser Printer,B009SM8F1W,,https://www.amazon.com/Lexmark-MS410d-Mono-Laser-Printer/dp/B009SM8F1W/ref=sr_1_74?qid=1673568906&rnid=2528832011&s=computers-intl-ship&sr=1-74
Canon CP-200 Photo Printer,B0000B0ADN,,https://www.amazon.com/Canon-8827A001-CP-200-Photo-Printer/dp/B0000B0ADN/ref=sr_1_75?qid=1673568906&rnid=2528832011&s=computers-intl-ship&sr=1-75
"Zebra Technologies 01990-054 Kiosk Paper Guide Kit, TTP2100, 54 mm Size",B01IK7KZFO,,https://www.amazon.com/Zebra-Technologies-01990-054-KiOSk-TTP2100/dp/B01IK7KZFO/ref=sr_1_76?qid=1673568906&rnid=2528832011&s=computers-intl-ship&sr=1-76
"Honeywell MX9401HANDLE Padded Handle with Rubber Overmold and Two Finger Trigger for Model MX9, Includes Wrist Strap",B01CLJSZRC,,https://www.amazon.com/Honeywell-MX9401HANDLE-Padded-Overmold-Trigger/dp/B01CLJSZRC/ref=sr_1_77?qid=1673568906&rnid=2528832011&s=computers-intl-ship&sr=1-77
UVP 89-0069-06 Imaging System Thermal Printer; 115 VAC,B00NG3FD0U,,https://www.amazon.com/UVP-89-0069-06-Imaging-Thermal-Printer/dp/B00NG3FD0U/ref=sr_1_78?qid=1673568906&rnid=2528832011&s=computers-intl-ship&sr=1-78
"Zebra Technologies 90101 Universal Roll Holder Below Kit for TTP2030 Kiosk Printer, Variable Position, 200 mm Maximum Diameter",B003A3V4Z4,,https://www.amazon.com/Zebra-Technologies-90101-Universal-Variable/dp/B003A3V4Z4/ref=sr_1_79?qid=1673568906&rnid=2528832011&s=computers-intl-ship&sr=1-79
Lexmark Printcryption Card,B001J8HB4K,,https://www.amazon.com/Lexmark-30G0829-Printcryption-Card/dp/B001J8HB4K/ref=sr_1_80?qid=1673568906&rnid=2528832011&s=computers-intl-ship&sr=1-80
Datamax-O'Neil Datamax 20-2118-01 Wireless,B00164Q8O6,,https://www.amazon.com/Datamax-ONeil-20-2118-01-Datamax-Wireless/dp/B00164Q8O6/ref=sr_1_81?qid=1673568906&rnid=2528832011&s=computers-intl-ship&sr=1-81
Lexmark C772 Output Expander,B000HCL1XQ,,https://www.amazon.com/Lexmark-20B3050-C772-Output-Expander/dp/B000HCL1XQ/ref=sr_1_82?qid=1673568906&rnid=2528832011&s=computers-intl-ship&sr=1-82
"Mémoires Anonymes Sur Les Troubles Des Pays-bas, 1565-1580, Volume 5... (French Edition)",1013261186,,https://www.amazon.com/M%C3%A9moires-Anonymes-Troubles-Pays-bas-1565-1580/dp/1013261186/ref=sr_1_83?qid=1673568906&rnid=2528832011&s=computers-intl-ship&sr=1-83
"Brother MFC-L3750CDW Digital Color All-in-One Printer, Laser Printer Quality, Wireless , Duplex Printing, Amazon Dash Replenishment Ready",B07FMS1JSS,,https://www.amazon.com/Brother-MFC-L3750CDW-Wireless-Printing-Replenishment/dp/B07FMS1JSS/ref=sr_1_84?qid=1673568906&rnid=2528832011&s=computers-intl-ship&sr=1-84
"Brother HL-L3230CDW Compact Digital Color Printer Providing Laser Printer Quality Results with Wireless Printing and Duplex Printing, Amazon Dash Replenishment Ready, White",B07FMYYXZD,,https://www.amazon.com/Brother-HL-L3230CDW-Providing-Wireless-Replenishment/dp/B07FMYYXZD/ref=sr_1_85?qid=1673568906&rnid=2528832011&s=computers-intl-ship&sr=1-85
"Brother MFC-L3710CW Compact Digital Color All-in-One Printer Providing Laser Printer Quality Results with Wireless, Amazon Dash Replenishment Ready",B07FMX1RXT,,https://www.amazon.com/Brother-MFC-L3710CW-Providing-Wireless-Replenishment/dp/B07FMX1RXT/ref=sr_1_86?qid=1673568906&rnid=2528832011&s=computers-intl-ship&sr=1-86
Brother HL-L3210CW Compact Digital Color Printer Providing Laser Printer Quality Results with Wireless,B07FMS1DMX,,https://www.amazon.com/Brother-HL-L3210CW-Providing-Wireless-Replenishment/dp/B07FMS1DMX/ref=sr_1_87?qid=1673568906&rnid=2528832011&s=computers-intl-ship&sr=1-87
"Brother MFC-L8900CDW Business Color Laser All-in-One Printer, Amazon Dash Replenishment Ready",B01BGZSS6U,,https://www.amazon.com/Brother-MFC-L8900CDW-Business-Networking-Connectivity/dp/B01BGZSS6U/ref=sr_1_88?qid=1673568906&rnid=2528832011&s=computers-intl-ship&sr=1-88
"Brother Monochrome Laser, Multifunction, All-in-One Printer, MFC-L6800DW, Wireless Networking, Mobile Printing & Scanning, Duplex Print, Scan & Copy, Amazon Dash Replenishment Ready, Black",B01BHSLKV6,,https://www.amazon.com/Brother-Monochrome-Multifunction-MFC-L6800DW-Replenishment/dp/B01BHSLKV6/ref=sr_1_89?qid=1673568906&rnid=2528832011&s=computers-intl-ship&sr=1-89
"Brother P-Touch PT-P950NW Industrial Network Laminate Label Printer, Up to 36 mm Labels, Standard USB 2.0 and Serial, Ethernet, Built-in Wi-Fi®, Optional Bluetooth®",B01INVSS42,,https://www.amazon.com/Brother-PT-P950NW-Industrial-Laminate-Bluetooth/dp/B01INVSS42/ref=sr_1_90?qid=1673568906&rnid=2528832011&s=computers-intl-ship&sr=1-90
"iDPRT Bluetooth Label Printer - 2022 Ultra Fast Thermal Label Printer with APP, Wireless Label Maker for 1""-3.15"" Width Barcode, Address, Mailing, Filling etc, Support Windows, Mac, iOS& Android",B09CTPH8M8,,https://www.amazon.com/iDPRT-Bluetooth-Label-Maker-Ultra-Fast/dp/B09CTPH8M8/ref=sr_1_91?qid=1673568906&rnid=2528832011&s=computers-intl-ship&sr=1-91
Lexmark 29S0100 MS431dw Mono Laser Printer 42ppm,B088MP21FB,,https://www.amazon.com/29S0100-Lexmark-MS431dw-Laser-Printer/dp/B088MP21FB/ref=sr_1_92?qid=1673568906&rnid=2528832011&s=computers-intl-ship&sr=1-92
Star Micronics TSP654IISKE Ethernet (LAN) Liner Free Thermal Printer for Sticky Paper with Cutter and External Power Supply - Gray,B08PC3JQ5R,412.48,https://www.amazon.com/Star-Micronics-TSP654IISKE-Ethernet-External/dp/B08PC3JQ5R/ref=sr_1_93?qid=1673568906&rnid=2528832011&s=computers-intl-ship&sr=1-93
"VEVOR 300DPI Bluetooth Thermal Label Printer, 4x6 Shipping Label Printer w/Automatic Label Recognition, Support Windows/MacOS/Linux/Chromebook/Android/iOS, Compatible w/Amazon,Ebay,Etsy,etc",B0BQVVRXFC,,https://www.amazon.com/VEVOR-300DPI-Thermal-Label-Printer/dp/B0BQVVRXFC/ref=sr_1_94?qid=1673568906&rnid=2528832011&s=computers-intl-ship&sr=1-94
"VEVOR Bluetooth Thermal Label Printer, 4x6 Wireless Shipping Label Printer with Automatic Label Recognition, Support Windows/MacOS/Linux/Android/iOS, Compatible with Amazon, Ebay, Etsy, etc",B0BPBR2P74,,https://www.amazon.com/VEVOR-Thermal-Label-Printer-Recognition/dp/B0BPBR2P74/ref=sr_1_95?qid=1673568906&rnid=2528832011&s=computers-intl-ship&sr=1-95
Brother RHL-L3270CDW Refurbished Compact Wireless Digital Color Printer with NFC Mobile Device and Duplex Printing-Ideal for Home and Small Office Use Amazon Dash Replenishment Ready (Renewed Premium),B08LKBCL15,,https://www.amazon.com/Brother-RHL-L3270CDW-Refurbished-Wireless-Printing/dp/B08LKBCL15/ref=sr_1_96?qid=1673568906&rnid=2528832011&s=computers-intl-ship&sr=1-96
"Lexmark C53030X Black Photoconductor InfoPrint 1534 1614 1634 C20 C522 C524 C532 C534 C52030X - 20,000 Pages",B000KGH1LK,,https://www.amazon.com/Lexmark-C53030X-Photoconductor-Black/dp/B000KGH1LK/ref=sr_1_97?qid=1673568915&rnid=2528832011&s=computers-intl-ship&sr=1-97
"Brother Monochrome Laser Printer, Multifunction Printer and Copier, DCP-L5600DN, Flexible Network Connectivity, Duplex Printing, Mobile Printing, Amazon Dash Replenishment Ready",B01BHSLW0A,,https://www.amazon.com/Brother-Multifunction-DCP-L5600DN-Connectivity-Replenishment/dp/B01BHSLW0A/ref=sr_1_98?qid=1673568915&rnid=2528832011&s=computers-intl-ship&sr=1-98
Brother PocketJet PJ762 Mobile Direct Thermal Printer - Monochrome - Label/Receipt Print - USB - Bluetooth - Battery Included,B016ASTNZ8,,https://www.amazon.com/Brother-PJ762WK-PocketJet-Mobile-PJ762-WK/dp/B016ASTNZ8/ref=sr_1_99?qid=1673568915&rnid=2528832011&s=computers-intl-ship&sr=1-99
"Lexmark CX331adwe Laser Printer - Color - 26 ppm Mono / 26 ppm Color - 600 dpi Print - Automatic Duplex Print - Wireless LAN, White (40N9070)",B07VF1GHV1,,https://www.amazon.com/Lexmark-CX331adwe-Laser-Printer-Automatic/dp/B07VF1GHV1/ref=sr_1_100?qid=1673568915&rnid=2528832011&s=computers-intl-ship&sr=1-100
Xerox Versalink B610 Color Printer,B07B4H2QPR,"1,298.52",https://www.amazon.com/VERSALINK-B610-LASERPR-65PPM-1200DPI/dp/B07B4H2QPR/ref=sr_1_101?qid=1673568915&rnid=2528832011&s=computers-intl-ship&sr=1-101
Lexmark CX522ADE COL LASERPR 35PPM 1200DPI USB,B07G1K941J,,https://www.amazon.com/Lexmark-CX522ADE-LASERPR-35PPM-1200DPI/dp/B07G1K941J/ref=sr_1_102?qid=1673568915&rnid=2528832011&s=computers-intl-ship&sr=1-102
"Lexmark MS812DN Monochrome Laser Printer, 70 ppm, 1200 dpi - Part 40G0310",B009SM8HG0,"2,032.59",https://www.amazon.com/Lexmark-MS812DN-Monochrome-Laser-Printer/dp/B009SM8HG0/ref=sr_1_103?qid=1673568915&rnid=2528832011&s=computers-intl-ship&sr=1-103
Lexmark MarkNet N8350 Wireless Plus NFC (27X0310),B00RQV8QTI,,https://www.amazon.com/Lexmark-MarkNet-N8350-Wireless-27X0310/dp/B00RQV8QTI/ref=sr_1_104?qid=1673568915&rnid=2528832011&s=computers-intl-ship&sr=1-104
Brother PocketJet PJ722 Mobile Direct Thermal Printer - Monochrome - Label/Receipt Print - USB - Battery Included,B016AST556,,https://www.amazon.com/Brother-PJ722-Basic-KIT-PJ722-BK/dp/B016AST556/ref=sr_1_105?qid=1673568915&rnid=2528832011&s=computers-intl-ship&sr=1-105
"Lexmark 12A7405 High-Yield Toner, 6000 Page-Yield, Black",B00009ETPB,,https://www.amazon.com/Lexmark-12A7405-High-Yield-Toner-Page-Yield/dp/B00009ETPB/ref=sr_1_106?qid=1673568915&rnid=2528832011&s=computers-intl-ship&sr=1-106
"TSC SWX058090DBK-01 Resin Enhanced Wax Ribbon, 2.28"" x 295', 1/2"" Core CSO for TTP-225, Black (Pack of 12)",B014SPQVZA,,https://www.amazon.com/TSC-SWX058090DBK-01-Enhanced-Ribbon-TTP-225/dp/B014SPQVZA/ref=sr_1_107?qid=1673568915&rnid=2528832011&s=computers-intl-ship&sr=1-107
Panduit PES400,B07RXKJ2JC,,https://www.amazon.com/Panduit-PES400/dp/B07RXKJ2JC/ref=sr_1_108?qid=1673568915&rnid=2528832011&s=computers-intl-ship&sr=1-108
"Adam Equipment 1.12001E+009 ATP Thermal Printer, 24 x 24 Dot",B00UWJPR2U,,https://www.amazon.com/Adam-Equipment-1-12001E-Thermal-Printer/dp/B00UWJPR2U/ref=sr_1_109?qid=1673568915&rnid=2528832011&s=computers-intl-ship&sr=1-109
"Monoprice Replacement PTFE Tube for PID 13860, 15710, 15711",B07XH6QDV9,,https://www.amazon.com/Monoprice-Replacement-13860-15710-15711/dp/B07XH6QDV9/ref=sr_1_110?qid=1673568915&rnid=2528832011&s=computers-intl-ship&sr=1-110
"Star Micronics 39441132 Thermal Printer, Gray",B01M6A4KP9,,https://www.amazon.com/Star-Micronics-39441132-Thermal-Printer/dp/B01M6A4KP9/ref=sr_1_111?qid=1673568915&rnid=2528832011&s=computers-intl-ship&sr=1-111
Supermicro MCP-120-84705-0N Low-Profile IPMI Port Bracket,B00L21AURO,,https://www.amazon.com/Supermicro-MCP-120-84705-0N-Low-Profile-IPMI-bracket/dp/B00L21AURO/ref=sr_1_112?qid=1673568915&rnid=2528832011&s=computers-intl-ship&sr=1-112
Xerox VersaLink B605/XM LED Multifunction Printer-Monochrome-Copier/Fax/Scanner-58 ppm Mono Print-1200x1200 Print-Automatic Duplex Print-250000 Pages Monthly-700 sheets Input-Color Scanner-600 Optical,B076N1V3TL,,https://www.amazon.com/Xerox-VERSALINK-B605MFP-B605-XM/dp/B076N1V3TL/ref=sr_1_113?qid=1673568915&rnid=2528832011&s=computers-intl-ship&sr=1-113
"Star Micronics TSP143IVUE USB/Ethernet (LAN) Thermal Receipt Printer with Android Open Accessory (AOA), CloudPRNT, Cutter, and Internal Power Supply - White",B0BKR6LLLK,,https://www.amazon.com/Star-Micronics-TSP143IVUE-Accessory-CloudPRNT/dp/B0BKR6LLLK/ref=sr_1_114?qid=1673568915&rnid=2528832011&s=computers-intl-ship&sr=1-114
Brother Desktop Direct Thermal Printer - Monochrome - Label/Receipt Print - USB - Bluetooth,B09F8W9KYK,,https://www.amazon.com/Brother-Desktop-Direct-Thermal-Printer/dp/B09F8W9KYK/ref=sr_1_115?qid=1673568915&rnid=2528832011&s=computers-intl-ship&sr=1-115
Seiko Qaliber RP-E10 Direct Thermal Printer - Monochrome - Desktop - Receipt Print,B00PB1KEAO,,https://www.amazon.com/Seiko-Qaliber-RP-E10-Thermal-Printer/dp/B00PB1KEAO/ref=sr_1_116?qid=1673568915&rnid=2528832011&s=computers-intl-ship&sr=1-116
Panduit TDP43ME/E 300 Dpi Printer,B00DDGBMD2,,https://www.amazon.com/Panduit-TDP43ME-300-Dpi-Printer/dp/B00DDGBMD2/ref=sr_1_117?qid=1673568915&rnid=2528832011&s=computers-intl-ship&sr=1-117
"Lexmark MX511dhe Monochrome All-In One Laser Printer with Email Functions, Scan, Copy, Network Ready, Duplex Printing and Professional Features",B009SM8H9W,768.84,https://www.amazon.com/Lexmark-MX511dhe-Monochrome-Functions-Professional/dp/B009SM8H9W/ref=sr_1_118?qid=1673568915&rnid=2528832011&s=computers-intl-ship&sr=1-118
Star Micronics TSP654IIE3 Ethernet (LAN) Thermal Receipt Printer with Auto-Cutter and External Power Supply - Gray - 39449772,B01M5HGYNL,,https://www.amazon.com/Star-Micronics-39449772-Thermal-Printer/dp/B01M5HGYNL/ref=sr_1_119?qid=1673568915&rnid=2528832011&s=computers-intl-ship&sr=1-119
Dell 3330DN Laser Printer,B002UOKG3A,,https://www.amazon.com/Dell-210-29941-3330DN-Laser-Printer/dp/B002UOKG3A/ref=sr_1_120?qid=1673568915&rnid=2528832011&s=computers-intl-ship&sr=1-120
Wasp WPL305 - label printer - B/W - thermal transfer ( 633808402013 ),B00064NXGS,,https://www.amazon.com/Wasp-WPL305-printer-transfer-633808402013/dp/B00064NXGS/ref=sr_1_121?qid=1673568928&rnid=2528832011&s=computers-intl-ship&sr=1-121
Lexmark CS725de TAA LV SPR,B01GTPLT4A,,https://www.amazon.com/Lexmark-CS725de-TAA-LV-SPR/dp/B01GTPLT4A/ref=sr_1_122?qid=1673568928&rnid=2528832011&s=computers-intl-ship&sr=1-122
"Star Micronics America 37965670 Under-Counter Mounting Bracket CD3-1616, Load Capacity,"" Length,"" Width, (",B01BP4FXSS,,https://www.amazon.com/Star-Micronics-America-37965670-Under-Counter/dp/B01BP4FXSS/ref=sr_1_123?qid=1673568928&rnid=2528832011&s=computers-intl-ship&sr=1-123
HP OfficeJet Pro 8100MX - MICR Printer,B00HKH5P0Q,,https://www.amazon.com/HP-OfficeJet-Pro-8100MX-Printer/dp/B00HKH5P0Q/ref=sr_1_124?qid=1673568928&rnid=2528832011&s=computers-intl-ship&sr=1-124
Lexmark MS610DN Laser Printer - Monochrome - 1200 x 1200 dpi Print - Plain Paper Print - Desktop 35S3272,B00B4FZTHO,,https://www.amazon.com/Lexmark-MS610DN-Laser-Printer-Monochrome/dp/B00B4FZTHO/ref=sr_1_125?qid=1673568928&rnid=2528832011&s=computers-intl-ship&sr=1-125
HP DesignJet Postscript/PDF Upgrade Kit,B083JCY3KD,"1,464.03",https://www.amazon.com/HP-DesignJet-Postscript-PDF-Upgrade/dp/B083JCY3KD/ref=sr_1_126?qid=1673568928&rnid=2528832011&s=computers-intl-ship&sr=1-126
Monoprice Bowden Connector Designed for MP10 and MP10 Mini 3D Printer,B07YM314F6,,https://www.amazon.com/Monoprice-Bowden-Connector-Designed-Printer/dp/B07YM314F6/ref=sr_1_127?qid=1673568928&rnid=2528832011&s=computers-intl-ship&sr=1-127
Monoprice Stepper Motor for X and Y Axis Designed for MP10 and MP10 Mini 3D Printer,B07YM25R7M,,https://www.amazon.com/Monoprice-Stepper-Motor-Designed-Printer/dp/B07YM25R7M/ref=sr_1_128?qid=1673568928&rnid=2528832011&s=computers-intl-ship&sr=1-128
Monoprice Stepper Motor for Z Axis Designed for MP10 and MP10 Mini 3D Printer,B07YM23MB4,,https://www.amazon.com/Monoprice-Stepper-Motor-Designed-Printer/dp/B07YM23MB4/ref=sr_1_129?qid=1673568928&rnid=2528832011&s=computers-intl-ship&sr=1-129
Panduit EMPLUS-DL,B07SJ6RWFM,,https://www.amazon.com/Panduit-NKRSMREIY/dp/B07SJ6RWFM/ref=sr_1_130?qid=1673568928&rnid=2528832011&s=computers-intl-ship&sr=1-130
Panduit LS8E-ACA,B07S2SGPNC,,https://www.amazon.com/Panduit-LS8E-ACA/dp/B07S2SGPNC/ref=sr_1_131?qid=1673568928&rnid=2528832011&s=computers-intl-ship&sr=1-131
Panduit TDP46HE/E,B07RYMKSZ8,,https://www.amazon.com/Panduit-TDP46HE-E/dp/B07RYMKSZ8/ref=sr_1_132?qid=1673568928&rnid=2528832011&s=computers-intl-ship&sr=1-132
Lexmark MX520 MX522adhe Laser Multifunction Printer - Monochrome - TAA Compliant,B07N1P99F9,,https://www.amazon.com/Lexmark-MX522adhe-Multifunction-Monochrome-Compliant/dp/B07N1P99F9/ref=sr_1_133?qid=1673568928&rnid=2528832011&s=computers-intl-ship&sr=1-133
Lexmark MS620 MS622de Desktop Laser Printer - Monochrome - TAA Compliant,B07KRBH5DZ,,https://www.amazon.com/Lexmark-MS620-MS622de-Laser-Printer/dp/B07KRBH5DZ/ref=sr_1_134?qid=1673568928&rnid=2528832011&s=computers-intl-ship&sr=1-134
Inkjet Printer - Color - Ink-Jet - Tray 1 Supports (3.9 to 12 in) X (5.83 to 18,B074RLTXBG,,https://www.amazon.com/Inkjet-Printer-Color-Ink-Jet-Supports/dp/B074RLTXBG/ref=sr_1_135?qid=1673568928&rnid=2528832011&s=computers-intl-ship&sr=1-135
Officemax A530251 DYMO LabelWriter Model 30251 Address Label,B01MS27TQS,,https://www.amazon.com/Officemax-A530251-LabelWriter-Model-Address/dp/B01MS27TQS/ref=sr_1_136?qid=1673568928&rnid=2528832011&s=computers-intl-ship&sr=1-136
Lexmark CS725de Desktop Laser Printer - Color,B01IRRHR0S,,https://www.amazon.com/Lexmark-CS725de-Desktop-Laser-Printer/dp/B01IRRHR0S/ref=sr_1_137?qid=1673568928&rnid=2528832011&s=computers-intl-ship&sr=1-137
Edge 128Mb (1X128Mb) Pc100 Nonecc Unbuffered,B01BI8S7UW,,https://www.amazon.com/128Mb-1X128Mb-Pc100-Nonecc-Unbuffered/dp/B01BI8S7UW/ref=sr_1_138?qid=1673568928&rnid=2528832011&s=computers-intl-ship&sr=1-138
New - Oki MICROLINE 321 Turbo/D Dot Matrix Printer - 62413001 by Oki Data,B01AQB1JUW,,https://www.amazon.com/New-MICROLINE-Matrix-Printer-62413001/dp/B01AQB1JUW/ref=sr_1_139?qid=1673568928&rnid=2528832011&s=computers-intl-ship&sr=1-139
"DA200, DT, 203DPI, 5IPS, 5.0""OD, USB",B016O8UXOE,,https://www.amazon.com/DA200-203DPI-5IPS-5-0-USB/dp/B016O8UXOE/ref=sr_1_140?qid=1673568928&rnid=2528832011&s=computers-intl-ship&sr=1-140
Brother LB3844 FASTDRY LTR Paper 100SHT 12STK,B016AT9992,,https://www.amazon.com/Brother-LB3844-FASTDRY-PAPER-100SHT/dp/B016AT9992/ref=sr_1_141?qid=1673568928&rnid=2528832011&s=computers-intl-ship&sr=1-141
"TSC PWX110600ABK-02 Resin Enhanced Wax Ribbon, 4.33"" x 1969', 1"" Core CSO for MX240, TTP-2410MT, TTP-2410M Pro, Black (Pack of 6)",B014SPR48I,,https://www.amazon.com/TSC-PWX110600ABK-02-Enhanced-TTP-2410MT-TTP-2410M/dp/B014SPR48I/ref=sr_1_142?qid=1673568928&rnid=2528832011&s=computers-intl-ship&sr=1-142
"TSC PWX110450ABK-02 Resin Enhanced Wax Ribbon, 64.33"" x 1476', 1"" Core CSO for ME240, Black (Pack of 6)",B014SPR488,,https://www.amazon.com/TSC-PWX110450ABK-02-Resin-Enhanced-Ribbon/dp/B014SPR488/ref=sr_1_143?qid=1673568928&rnid=2528832011&s=computers-intl-ship&sr=1-143
"TSC PWX064600ABK-02 Resin Enhanced Wax Ribbon, 2.52"" x 1969', 1"" Core CSO for MX240, TTP-2410MT, TTP-2410M Pro, Black (Pack of 6)",B014SPR3ZC,,https://www.amazon.com/TSC-PWX064600ABK-02-Enhanced-TTP-2410MT-TTP-2410M/dp/B014SPR3ZC/ref=sr_1_144?qid=1673568928&rnid=2528832011&s=computers-intl-ship&sr=1-144
"TSC PWX060450ABK-02 Resin Enhanced Wax Ribbon, 2.36"" x 1476', 1"" Core CSO for ME240, Black (Pack of 6)",B014SPQX0I,,https://www.amazon.com/TSC-PWX060450ABK-02-Resin-Enhanced-Ribbon/dp/B014SPQX0I/ref=sr_1_145?qid=1673568938&rnid=2528832011&s=computers-intl-ship&sr=1-145
"TSC PWX083450ABK-02 Resin Enhanced Wax Ribbon, 3.27"" x 1476', 1"" Core CSO for ME240, Black (Pack of 6)",B014SPQW18,,https://www.amazon.com/TSC-PWX083450ABK-02-Resin-Enhanced-Ribbon/dp/B014SPQW18/ref=sr_1_146?qid=1673568938&rnid=2528832011&s=computers-intl-ship&sr=1-146
HID GLOBAL CORP. USB Printer with 3 Year Printer Warranty,B011BKM8YI,,https://www.amazon.com/USB-Printer-Year-Warranty/dp/B011BKM8YI/ref=sr_1_147?qid=1673568938&rnid=2528832011&s=computers-intl-ship&sr=1-147
Fargo HDP5000 Single Sided Printer with ISO MA,B011BKLJIE,,https://www.amazon.com/HDP5000-Single-Sided-Printer-ISO/dp/B011BKLJIE/ref=sr_1_148?qid=1673568938&rnid=2528832011&s=computers-intl-ship&sr=1-148
Mettler Toledo RS-P28 Compact Printer with RS-232C Interface,B00UWJB2T2,,https://www.amazon.com/Mettler-Toledo-RS-P28-Compact-Interface/dp/B00UWJB2T2/ref=sr_1_149?qid=1673568938&rnid=2528832011&s=computers-intl-ship&sr=1-149
"LABELMATE CAT-3-R18-CHUCK-10 Label Rewinder, 20"" Height, 18"" Width, Black",B00UR7UG46,,https://www.amazon.com/LABELMATE-CAT-3-R18-CHUCK-10-Label-Rewinder-Height/dp/B00UR7UG46/ref=sr_1_150?qid=1673568938&rnid=2528832011&s=computers-intl-ship&sr=1-150
"LABELMATE UCAT-40 Label Unwinder, 18"" Height, 16"" Width, Black",B00UR7UCN6,,https://www.amazon.com/LABELMATE-UCAT-40-Label-Unwinder-Height/dp/B00UR7UCN6/ref=sr_1_151?qid=1673568938&rnid=2528832011&s=computers-intl-ship&sr=1-151
"LABELMATE CAT-3SA-CHUCK-10 Label Rewinder, 13"" Height, 12"" Width, Black",B00UR7UCC2,,https://www.amazon.com/LABELMATE-CAT-3SA-CHUCK-10-Label-Rewinder-Height/dp/B00UR7UCC2/ref=sr_1_152?qid=1673568938&rnid=2528832011&s=computers-intl-ship&sr=1-152
"LABELMATE UCAT-3-CHUCK-220 Label Unwinder, 13"" Height, 12"" Width, Black",B00UR7U8LW,,https://www.amazon.com/LABELMATE-UCAT-3-CHUCK-220-Label-Unwinder-Height/dp/B00UR7U8LW/ref=sr_1_153?qid=1673568938&rnid=2528832011&s=computers-intl-ship&sr=1-153
"Thermal transfer xylene resistant ribbon 4.2"" x 1476' / 107mm x 450m resin",B00RYSR6NA,,https://www.amazon.com/Thermal-transfer-xylene-resistant-ribbon/dp/B00RYSR6NA/ref=sr_1_154?qid=1673568938&rnid=2528832011&s=computers-intl-ship&sr=1-154
"Thermal transfer xylene resistant ribbon 4.2"" x 1476' / 107mm x 450m resin",B00RYSR6F8,,https://www.amazon.com/Thermal-transfer-xylene-resistant-ribbon/dp/B00RYSR6F8/ref=sr_1_155?qid=1673568938&rnid=2528832011&s=computers-intl-ship&sr=1-155
"Thermal transfer xylene resistant ribbon 4.2"" x 1476' / 106.6mm x 450m resin",B00RYSQWHG,,https://www.amazon.com/Thermal-transfer-xylene-resistant-106-6mm/dp/B00RYSQWHG/ref=sr_1_156?qid=1673568938&rnid=2528832011&s=computers-intl-ship&sr=1-156
"Thermal transfer xylene resistant ribbon 2.36"" x 1476' / 60mm x 450m resin",B00RYSQWCG,,https://www.amazon.com/Thermal-transfer-xylene-resistant-ribbon/dp/B00RYSQWCG/ref=sr_1_157?qid=1673568938&rnid=2528832011&s=computers-intl-ship&sr=1-157
"Thermal transfer xylene resistant ribbon 4.1"" x 500' / 104mm x 150m resin",B00RYSQW3K,,https://www.amazon.com/Thermal-transfer-xylene-resistant-ribbon/dp/B00RYSQW3K/ref=sr_1_158?qid=1673568938&rnid=2528832011&s=computers-intl-ship&sr=1-158
"Zebra thermal transfer ribbon 3.5"" x 1476' / 89mm x 450m wax-resin",B00RYSQSRK,,https://www.amazon.com/Zebra-thermal-transfer-ribbon-wax-resin/dp/B00RYSQSRK/ref=sr_1_159?qid=1673568938&rnid=2528832011&s=computers-intl-ship&sr=1-159
Hach 2960100 Citizen PD-24 Printer Package,B00R3E8TWM,,https://www.amazon.com/Hach-2960100-Citizen-Printer-Package/dp/B00R3E8TWM/ref=sr_1_160?qid=1673568938&rnid=2528832011&s=computers-intl-ship&sr=1-160
"Brother Industries, Ltd - Brother Pocketjet Pj673-K Direct Thermal Printer - Monochrome - Portable - Plain Paper Print - 9.4 Second Mono - 300 X 300 Dpi - Wireless Lan - Usb ""Product Category: Printers/Label/Receipt Printers""",B00PB0OLLS,,https://www.amazon.com/Brother-Industries-Ltd-Pocketjet-Monochrome/dp/B00PB0OLLS/ref=sr_1_161?qid=1673568938&rnid=2528832011&s=computers-intl-ship&sr=1-161
Lexmark MS810DE Laser Printer - Monochrome - 1200 x 1200 dpi Print - Plain Paper Print - Desktop 40GT168,B00KTKRSV0,,https://www.amazon.com/Lexmark-MS810DE-Laser-Printer-Monochrome/dp/B00KTKRSV0/ref=sr_1_162?qid=1673568938&rnid=2528832011&s=computers-intl-ship&sr=1-162
"START International LDX6025C Electric Label Dispenser for Clear Short Length Labels Up to 7"" (178 mm) Wide Labels, Black",B00JHFM7R8,,https://www.amazon.com/START-International-LDX6025C-Electric-Dispenser/dp/B00JHFM7R8/ref=sr_1_163?qid=1673568938&rnid=2528832011&s=computers-intl-ship&sr=1-163
Lexmark MS810DE Laser Printer - Monochrome - 1200 x 1200 dpi Print - Plain Paper Print - Desktop 40GT170,B00J0O2WHG,,https://www.amazon.com/Lexmark-MS810DE-Laser-Printer-Monochrome/dp/B00J0O2WHG/ref=sr_1_164?qid=1673568938&rnid=2528832011&s=computers-intl-ship&sr=1-164
"Datamax EA2-00-0J001A00 E-Class Direct Thermal Printer 203 DPI Serial PAR USB LAN Adjustable Sensor, Monochrome, 5.29-Pounds",B00HGUUYRG,,https://www.amazon.com/Datamax-EA2-00-0J001A00-Adjustable-Monochrome-5-29-Pounds/dp/B00HGUUYRG/ref=sr_1_165?qid=1673568938&rnid=2528832011&s=computers-intl-ship&sr=1-165
WTW 902837 Ak/325S RS-232 Printer Interface Cable,B00FOBPQQ8,,https://www.amazon.com/WTW-902837-RS-232-Printer-Interface/dp/B00FOBPQQ8/ref=sr_1_166?qid=1673568938&rnid=2528832011&s=computers-intl-ship&sr=1-166
Wasp 633808404109 WPL406 Industrial Barcode Printer with Cutter,B00EZC9TLU,,https://www.amazon.com/Wasp-633808404109-Industrial-Barcode-Printer/dp/B00EZC9TLU/ref=sr_1_167?qid=1673568938&rnid=2528832011&s=computers-intl-ship&sr=1-167
Kanomax 3800-11 Printer Communication Cable for DPU-S245 Portable Thermal Printer,B00DV741E0,,https://www.amazon.com/Kanomax-3800-11-Communication-DPU-S245-Portable/dp/B00DV741E0/ref=sr_1_168?qid=1673568938&rnid=2528832011&s=computers-intl-ship&sr=1-168
"Brother PA-WI-001 Wi-Fi® WLAN Interface for TD2120N, TD2130N and TD2130NHC Printers",B00C2AO0XO,,https://www.amazon.com/Brother-Wireless-LAN-Interface-Solutions/dp/B00C2AO0XO/ref=sr_1_169?qid=1673568947&rnid=2528832011&s=computers-intl-ship&sr=1-169
Brother TD-2130NW Desktop Direct Thermal Printer - Monochrome - Receipt Print - Ethernet - USB - Serial,B00C2AMH0W,,https://www.amazon.com/Brother-TD-2130NW-Direct-Thermal-Printer/dp/B00C2AMH0W/ref=sr_1_170?qid=1673568947&rnid=2528832011&s=computers-intl-ship&sr=1-170
Buchi 038684 Paper Roll for Citizen IDP-460 Printer and Star Printer 512,B00BT3DM8E,,https://www.amazon.com/Buchi-038684-Citizen-IDP-460-Printer/dp/B00BT3DM8E/ref=sr_1_171?qid=1673568947&rnid=2528832011&s=computers-intl-ship&sr=1-171
Samsung SMGSCX-5835NX MEA Unit-DADF Rubber,B00BL5ARWE,,https://www.amazon.com/Samsung-SMGSCX-5835NX-MEA-UNIT-DADF-RUBBER/dp/B00BL5ARWE/ref=sr_1_172?qid=1673568947&rnid=2528832011&s=computers-intl-ship&sr=1-172
Lexmark MS810DN Laser Printer - Monochrome - 1200 x 1200 dpi Print - Plain Paper Print - Desktop,B00B4G05P4,,https://www.amazon.com/Lexmark-MS810DN-Laser-Printer-Monochrome/dp/B00B4G05P4/ref=sr_1_173?qid=1673568947&rnid=2528832011&s=computers-intl-ship&sr=1-173
Okidata MICROLINE ML420 Dot Matrix Printer - Monochrome 91910703,B00B1NF2XK,,https://www.amazon.com/Okidata-MICROLINE-ML420-Matrix-Printer/dp/B00B1NF2XK/ref=sr_1_174?qid=1673568947&rnid=2528832011&s=computers-intl-ship&sr=1-174
Lexmark MX710DHE Laser Multifunction Printer - Monochrome - Plain Paper Print,B00A6GBXQS,,https://www.amazon.com/Lexmark-MX710DHE-Laser-Multifunction-Printer/dp/B00A6GBXQS/ref=sr_1_175?qid=1673568947&rnid=2528832011&s=computers-intl-ship&sr=1-175
Lexmark MS812DTN Laser Printer - Monochrome - 1200 x 1200 dpi Print - Plain P,B00A6GAG8E,,https://www.amazon.com/Lexmark-MS812DTN-Laser-Printer-Monochrome/dp/B00A6GAG8E/ref=sr_1_176?qid=1673568947&rnid=2528832011&s=computers-intl-ship&sr=1-176
Lexmark MX611DTE Laser Multifunction Printer - Monochrome - Plain Paper Print,B00A6G9H1Q,,https://www.amazon.com/Lexmark-MX611DTE-Laser-Multifunction-Printer/dp/B00A6G9H1Q/ref=sr_1_177?qid=1673568947&rnid=2528832011&s=computers-intl-ship&sr=1-177
"Lexmark MX611DTE Monochrome Printer with Scanner, Copier and Fax - 35S6800",B009SM8GRA,,https://www.amazon.com/Lexmark-MX611DTE-Monochrome-Printer-Scanner/dp/B009SM8GRA/ref=sr_1_178?qid=1673568947&rnid=2528832011&s=computers-intl-ship&sr=1-178
Panduit EMPLUS-DL,B009EBZQFU,,https://www.amazon.com/Panduit-VTA-6-6/dp/B009EBZQFU/ref=sr_1_179?qid=1673568947&rnid=2528832011&s=computers-intl-ship&sr=1-179
Panduit LS8E-ACU,B009EBTYNU,,https://www.amazon.com/Panduit-GPKT724Y/dp/B009EBTYNU/ref=sr_1_180?qid=1673568947&rnid=2528832011&s=computers-intl-ship&sr=1-180
Seiko Instruments USA Inc. Qaliber RP-E11 Direct Thermal Printer - Monochrome - Desktop - Receipt Print RP-E11-W3FJ1-U1C3,B008TYWMLE,,https://www.amazon.com/Seiko-Instruments-USA-Qaliber-Thermal/dp/B008TYWMLE/ref=sr_1_181?qid=1673568947&rnid=2528832011&s=computers-intl-ship&sr=1-181
Seiko Instruments USA Inc. Qaliber RP-E11 Direct Thermal Printer - Monochrome - Desktop - Receipt Print RP-E11-K3FJ1-S2C3,B008TYWLME,,https://www.amazon.com/Seiko-Instruments-USA-Qaliber-Thermal/dp/B008TYWLME/ref=sr_1_182?qid=1673568947&rnid=2528832011&s=computers-intl-ship&sr=1-182
"Phaser 6700/N - Laser Printer - Color - Laser - Colour: Up To 45 Ppm, Black: Up To",B005XBFV8W,,https://www.amazon.com/Phaser-6700-Laser-Printer-Colour/dp/B005XBFV8W/ref=sr_1_183?qid=1673568947&rnid=2528832011&s=computers-intl-ship&sr=1-183
DTC4500 Card Printer /Encoder USB and Ethernet,B0048BHTO2,,https://www.amazon.com/DTC4500-Card-Printer-Encoder-Ethernet/dp/B0048BHTO2/ref=sr_1_184?qid=1673568947&rnid=2528832011&s=computers-intl-ship&sr=1-184
HP Hybrid Thermal Receipt Printer with MICR FK184AT,B001H60M6S,,https://www.amazon.com/Hybrid-Thermal-Receipt-Printer-FK184AT/dp/B001H60M6S/ref=sr_1_185?qid=1673568947&rnid=2528832011&s=computers-intl-ship&sr=1-185
Lexmark X9575 Wireless Professional Multifunction Color Printer (14V1000),B0012VP26I,,https://www.amazon.com/Lexmark-Wireless-Professional-Multifunction-14V1000/dp/B0012VP26I/ref=sr_1_186?qid=1673568947&rnid=2528832011&s=computers-intl-ship&sr=1-186
TSP743 Thermal Friction 2-Color Cutter Ethernet (LAN) Putty Ext Ups,B000VEHSHI,,https://www.amazon.com/TSP743-Thermal-Friction-2-COLOR-Ethernet/dp/B000VEHSHI/ref=sr_1_187?qid=1673568947&rnid=2528832011&s=computers-intl-ship&sr=1-187
Oki Data B4600N Ps Blk Laser 27PPM 600X2400DPI USB 2.0 with Serial Card,B000SDZ2IE,,https://www.amazon.com/B4600N-Laser-27PPM-600X2400DPI-Serial/dp/B000SDZ2IE/ref=sr_1_188?qid=1673568947&rnid=2528832011&s=computers-intl-ship&sr=1-188
Startech.com Receipt Printer (SP2360MC42-24 Gry),B000QSN15W,,https://www.amazon.com/Startech-com-Receipt-Printer-SP2360MC42-24-GRY/dp/B000QSN15W/ref=sr_1_189?qid=1673568947&rnid=2528832011&s=computers-intl-ship&sr=1-189
Startech.com Receipt Printer (SP2560MC42-24 Gry),B000QI6CSU,,https://www.amazon.com/Startech-com-Receipt-Printer-SP2560MC42-24-GRY/dp/B000QI6CSU/ref=sr_1_190?qid=1673568947&rnid=2528832011&s=computers-intl-ship&sr=1-190
Xerox Phaser 6115MFP/N Multi-Function Color Printer/Copier/Scanner/Fax,B000N1L5MI,,https://www.amazon.com/Xerox-6115MFP-Multi-Function-Printer-Scanner/dp/B000N1L5MI/ref=sr_1_191?qid=1673568947&rnid=2528832011&s=computers-intl-ship&sr=1-191
Detecto P150 Tape Printer,B000MX032U,,https://www.amazon.com/Detecto-P150-Tape-Printer/dp/B000MX032U/ref=sr_1_192?qid=1673568947&rnid=2528832011&s=computers-intl-ship&sr=1-192
Startech.com Direct Thermal Receipt Printer (TSP613U-24),B000LFCJGM,,https://www.amazon.com/Startech-com-Thermal-Receipt-Printer-TSP613U-24/dp/B000LFCJGM/ref=sr_1_193?qid=1673568956&rnid=2528832011&s=computers-intl-ship&sr=1-193
X5470 All-in-one,B000I5LAO2,,https://www.amazon.com/Lexmark-22N0385-X5470-All-in-one/dp/B000I5LAO2/ref=sr_1_194?qid=1673568956&rnid=2528832011&s=computers-intl-ship&sr=1-194
"MICROLINE 491n - 24-pin, Wide Carriage, 475 cps, OkiLAN 10/100 Base-T Ethernet, 120 VAC",B000H36DJM,,https://www.amazon.com/MICROLINE-491n-24-pin-Carriage-Ethernet/dp/B000H36DJM/ref=sr_1_195?qid=1673568956&rnid=2528832011&s=computers-intl-ship&sr=1-195
OKI MICROLINE 421n Dot Matrix Printer (92009704),B000H2ZVO6,,https://www.amazon.com/MICROLINE-421n-Matrix-Printer-92009704/dp/B000H2ZVO6/ref=sr_1_196?qid=1673568956&rnid=2528832011&s=computers-intl-ship&sr=1-196
SP342FD Ser Receipt Printer Auto Cutter 3.2 Lines/sec,B000FCNGNQ,,https://www.amazon.com/SP342FD-Receipt-Printer-Cutter-Lines/dp/B000FCNGNQ/ref=sr_1_197?qid=1673568956&rnid=2528832011&s=computers-intl-ship&sr=1-197
"TSP847 - Receipt Printer (ethernet Interface, Direct Thermal and Auto-Cutter. Po",B000CESWD6,,https://www.amazon.com/TSP847-Receipt-ethernet-Interface-Auto-cutter/dp/B000CESWD6/ref=sr_1_198?qid=1673568956&rnid=2528832011&s=computers-intl-ship&sr=1-198
Wasp WPL305 - label printer - B/W - thermal transfer ( 633808402020 ),B00064NXFY,,https://www.amazon.com/Wasp-WPL305-printer-transfer-633808402020/dp/B00064NXFY/ref=sr_1_199?qid=1673568956&rnid=2528832011&s=computers-intl-ship&sr=1-199
Lexmark X1185 Color All-in-One Printer,B0001UEHRG,,https://www.amazon.com/Lexmark-X1185-Color-All-in-One-Printer/dp/B0001UEHRG/ref=sr_1_200?qid=1673568956&rnid=2528832011&s=computers-intl-ship&sr=1-200
"Lexmark 12A7365 Extra High-Yield Toner, 32000 Page-Yield, Black",B00009ETLK,,https://www.amazon.com/Lexmark-12A7365-Extra-High-Yield-Page-Yield/dp/B00009ETLK/ref=sr_1_201?qid=1673568956&rnid=2528832011&s=computers-intl-ship&sr=1-201
Okidata ML320T TURBO DOTPR 435CPS-RS-232C 9PIN NCAR 220V ( 91907102 ),B00008YGL3,,https://www.amazon.com/Okidata-ML320T-TURBO-435CPS-RS-232C-91907102/dp/B00008YGL3/ref=sr_1_202?qid=1673568956&rnid=2528832011&s=computers-intl-ship&sr=1-202
"Brother DCP 1400 - Copier - B/W - laser - copying (up to): 15 ppm - printing (up to): 15 ppm - 250 sheets - parallel, USB",B00005Y7AO,,https://www.amazon.com/Brother-DCP-1400-printing-parallel/dp/B00005Y7AO/ref=sr_1_203?qid=1673568956&rnid=2528832011&s=computers-intl-ship&sr=1-203
Lexmark Optra E210 Personal Laser Printer,B00005UCO3,,https://www.amazon.com/Lexmark-Optra-Personal-Laser-Printer/dp/B00005UCO3/ref=sr_1_204?qid=1673568956&rnid=2528832011&s=computers-intl-ship&sr=1-204
Okidata Ml391 Turbo 24-Pin with Cut Sheet Feeder (Single Bin),B00004Z9TS,,https://www.amazon.com/Okidata-Ml391-24-Pin-Feeder-Single/dp/B00004Z9TS/ref=sr_1_205?qid=1673568956&rnid=2528832011&s=computers-intl-ship&sr=1-205
Leviton C5004-GO Four Way 75-Ohm Gold Splitter,B00002NAYB,,https://www.amazon.com/Leviton-C5004-GO-Four-75-Ohm-Splitter/dp/B00002NAYB/ref=sr_1_206?qid=1673568956&rnid=2528832011&s=computers-intl-ship&sr=1-206
