662749,Шпаклевка полимерная Weber.vetonit LR + для сухих помещений белая 20 кг,
135469,Шпатлевка финишная Knauf Ротбанд паста Профи 18 кг,1466
109486,Шпатлевка Danogips SuperFinish универсальная 17 л/28 кг,2430
109171,Шпаклевка гипсовая Knauf Фуген 25 кг,624
162551,Шпаклевка гипсовая Старатели финишная 20 кг,464
669354,Шпаклевка гипсовая Pufas Full-Finish Spachtel 20 кг,2717
106961,Шпаклевка гипсовая Knauf Ротбанд Финиш 25 кг,576
138069,Шпаклевка цементная Weber.vetonit VH для влажных помещений белая 20 кг,810
167573,Шпаклевка гипсовая Волма Шов 20 кг,526
112330,Шпаклевка цементная Основит Базсилк PC30 MW фасадная белая 20 кг,554
126121,Шпаклевка цементная Основит Белсилк PC32 W финишная фасадная белая 20 кг,649
678626,Шпатлевка финишная Knauf Ротбанд паста Профи 5 кг,748
162550,Шпаклевка цементная Старатели базовая бежевая 20 кг,416
166418,Шпатлевка Danogips SuperFinish универсальная 3 л/5 кг,647
765422,Шпаклевка гипсовая Knauf Унихард высокопрочная безусадочная 20 кг,1395
161675,Шпаклевка полимерная Danogips Dano Jet 9 выравнивающая 20 кг,823
611994,Шпаклевка гипсовая Knauf Фуген 5 кг,217
148693,Шпаклевка полимерная Knauf Полимер Финиш для сухих помещений белая 20 кг,732
144472,Шпаклевка на органическом связующем Weber.vetonit KR финишная белая 20 кг,734
101554,Шпаклевка полимерная Weber.vetonit LR+ белая 5 кг,535
109489,"Шпатлевка Текс Профи латексная 1,5 кг",115
109499,"Шпатлевка по дереву Биотекс Профи белая 0,75 кг",206
149926,Шпаклевка гипсовая Стройбриг Генфир PG35MW белая 20 кг,457
602565,Шпаклевка гипсовая Волма Финиш 20 кг,508
682879,Шпаклевка гипсовая Knauf Базис базовая 25 кг,397
138092,Шпатлевка финишная Weber.vetonit ЛР Паста 12 л/20 кг,1410
608123,Шпаклевка гипсовая Волма Arctiс финишная 20 кг,473
656864,Шпаклевка полимерная Weber.vetonit L финишная белая 20 кг,724
149668,"Шпатлевка-замазка Neomid универсальная 1,4 кг",395
109503,"Шпатлевка по дереву Биотекс Профи сосна 0,75 кг",206
681691,Шпаклевка полимерная Боларс Super финишная белая 20 кг,594
109487,"Шпатлевка Danogips Fill&Finish Light универсальная облегченная 10 л/12,3 кг",1394
127590,Шпаклевка гипсовая Основит Эконсилк PG35 W финишная белая 20 кг,483
109504,Шпатлевка фасадная Текс Профи акрилатная 16 кг,2431
759392,Шпаклевка цементная Knauf Rasler PRO Line Cement для влажных помещений белая 20 кг,1228
109491,Шпатлевка латексная Текс Профи 16 кг,1445
104845,Шпаклевка цементная Knauf Мультифиниш фасадная серая 25 кг,643
687852,Шпаклевка полимерная КМ Полимер для сухих помещений белая 20 кг,726
163488,Шпаклевка полимерная Unis финишная белый жемчуг 18 кг,760
796024,Шпаклевка гипсо-полимерная Pufas Full-Finish Premium 20 кг,2838
109490,Шпатлевка латексная Текс Профи 5 кг,413
149670,"Шпатлевка-замазка Neomid по монтажной пене 1,4 кг",356
109501,"Шпатлевка по дереву Биотекс Профи дуб 0,75 кг",206
646348,Шпатлевка гипсовая Unis Блик 18 кг,507
112336,Шпаклевка полимерная Основит Эконсилк РР38 W финишная белая 20 кг,681
646346,Шпатлевка цементная Unis Fasad Finish белая 20 кг,724
112334,Шпаклевка гипсовая Основит Элисилк PG36 W суперфинишная 20 кг,579
109500,"Шпатлевка по дереву Биотекс Профи бук 0,75 кг",206
109502,"Шпатлевка по дереву Биотекс Профи махагон 0,75 кг",206
646347,Шпатлевка гипсовая Unis Финишная 5 кг,255
622914,Шпатлевка финишная Текс Профи 16 кг,1396
646349,Шпатлевка гипсовая Unis Блик 5 кг,319
504809,Шпаклевка цементная Kiilto SH финишная серая 20 кг,838
